Name,ProductID,ProductCount
All-Purpose Bike Stand,879,249
AWC Logo Cap,712,3382
Bike Wash - Dissolver,877,1327
Cable Lock,843,260
Chain,952,250
"Classic Vest, L",866,201
"Classic Vest, M",865,555
"Classic Vest, S",864,682
Fender Set - Mountain,878,2121
Front Brakes,948,266
Front Derailleur,945,257
"Full-Finger Gloves, L",863,364
"Full-Finger Gloves, M",862,359
"Full-Finger Gloves, S",861,240
"Half-Finger Gloves, L",860,673
"Half-Finger Gloves, M",859,1086
"Half-Finger Gloves, S",858,883
Hitch Rack - 4-Bike,876,796
HL Bottom Bracket,996,218
HL Crankset,951,219
HL Fork,804,117
HL Headset,807,110
"HL Mountain Frame - Black, 38",747,289
"HL Mountain Frame - Black, 42",743,481
"HL Mountain Frame - Black, 44",744,13
"HL Mountain Frame - Black, 48",745,76
"HL Mountain Frame - Silver, 38",748,491
"HL Mountain Frame - Silver, 42",739,167
"HL Mountain Frame - Silver, 46",742,288
"HL Mountain Frame - Silver, 48",741,94
HL Mountain Front Wheel,817,104
HL Mountain Handlebars,810,216
HL Mountain Pedal,937,255
HL Mountain Rear Wheel,825,258
HL Mountain Seat/Saddle,910,222
HL Mountain Tire,930,1396
"HL Road Frame - Black, 44",838,201
"HL Road Frame - Black, 48",839,47
"HL Road Frame - Red, 44",718,219
"HL Road Frame - Red, 48",719,44
"HL Road Frame - Red, 62",717,218
HL Road Front Wheel,820,206
HL Road Handlebars,813,270
HL Road Pedal,940,264
HL Road Rear Wheel,828,46
HL Road Seat/Saddle,913,60
HL Road Tire,933,858
"HL Touring Frame - Blue, 46",890,58
"HL Touring Frame - Blue, 50",891,58
"HL Touring Frame - Blue, 54",892,169
"HL Touring Frame - Blue, 60",893,140
"HL Touring Frame - Yellow, 46",887,41
"HL Touring Frame - Yellow, 50",888,39
"HL Touring Frame - Yellow, 54",889,161
"HL Touring Frame - Yellow, 60",885,135
HL Touring Handlebars,947,109
HL Touring Seat/Saddle,916,177
Hydration Pack - 70 oz.,880,1074
LL Bottom Bracket,994,150
LL Crankset,949,176
LL Fork,802,83
LL Headset,805,46
"LL Mountain Frame - Black, 40",943,6
"LL Mountain Frame - Black, 42",924,162
"LL Mountain Frame - Black, 44",925,227
"LL Mountain Frame - Black, 48",926,164
"LL Mountain Frame - Black, 52",927,9
"LL Mountain Frame - Silver, 40",944,164
"LL Mountain Frame - Silver, 42",917,224
"LL Mountain Frame - Silver, 44",918,159
"LL Mountain Frame - Silver, 48",919,16
"LL Mountain Frame - Silver, 52",920,159
LL Mountain Front Wheel,815,232
LL Mountain Handlebars,808,301
LL Mountain Pedal,935,195
LL Mountain Rear Wheel,823,148
LL Mountain Seat/Saddle,908,153
LL Mountain Tire,928,862
"LL Road Frame - Black, 44",736,110
"LL Road Frame - Black, 52",738,600
"LL Road Frame - Black, 58",722,392
"LL Road Frame - Black, 60",723,52
"LL Road Frame - Red, 44",725,374
"LL Road Frame - Red, 48",726,288
"LL Road Frame - Red, 52",727,48
"LL Road Frame - Red, 60",729,375
"LL Road Frame - Red, 62",730,288
LL Road Handlebars,811,98
LL Road Pedal,938,309
LL Road Rear Wheel,826,305
LL Road Seat/Saddle,911,6
LL Road Tire,931,1044
"LL Touring Frame - Blue, 44",903,14
"LL Touring Frame - Blue, 50",895,126
"LL Touring Frame - Blue, 54",896,99
"LL Touring Frame - Blue, 58",897,2
"LL Touring Frame - Blue, 62",898,9
"LL Touring Frame - Yellow, 44",899,117
"LL Touring Frame - Yellow, 50",900,110
"LL Touring Frame - Yellow, 58",902,20
"LL Touring Frame - Yellow, 62",886,130
LL Touring Handlebars,946,30
LL Touring Seat/Saddle,914,43
"Long-Sleeve Logo Jersey, L",715,1635
"Long-Sleeve Logo Jersey, M",714,1218
"Long-Sleeve Logo Jersey, S",713,429
"Long-Sleeve Logo Jersey, XL",716,1076
"Men's Bib-Shorts, L",857,178
"Men's Bib-Shorts, M",856,353
"Men's Bib-Shorts, S",855,231
"Men's Sports Shorts, L",850,131
"Men's Sports Shorts, M",849,283
"Men's Sports Shorts, S",841,160
Minipump,844,267
ML Crankset,950,28
ML Headset,806,110
"ML Mountain Frame - Black, 38",814,226
"ML Mountain Frame - Black, 40",830,33
"ML Mountain Frame - Black, 44",831,198
"ML Mountain Frame - Black, 48",832,256
"ML Mountain Frame-W - Silver, 38",942,5
"ML Mountain Frame-W - Silver, 40",904,253
"ML Mountain Frame-W - Silver, 42",905,230
"ML Mountain Frame-W - Silver, 46",906,87
ML Mountain Front Wheel,816,114
ML Mountain Handlebars,809,507
ML Mountain Pedal,936,158
ML Mountain Rear Wheel,824,265
ML Mountain Seat/Saddle,909,138
ML Mountain Tire,929,1161
"ML Road Frame - Red, 48",732,130
"ML Road Frame - Red, 52",733,44
"ML Road Frame-W - Yellow, 38",822,356
"ML Road Frame-W - Yellow, 40",833,88
"ML Road Frame-W - Yellow, 44",835,489
"ML Road Frame-W - Yellow, 48",836,350
ML Road Front Wheel,819,195
ML Road Pedal,939,265
ML Road Rear Wheel,827,31
ML Road Tire,932,926
ML Touring Seat/Saddle,915,41
"Mountain Bike Socks, L",710,44
"Mountain Bike Socks, M",709,188
Mountain Bottle Cage,871,2025
Mountain Tire Tube,921,3095
"Mountain-100 Black, 38",775,234
"Mountain-100 Black, 42",776,228
"Mountain-100 Black, 44",777,242
"Mountain-100 Black, 48",778,243
"Mountain-100 Silver, 38",771,241
"Mountain-100 Silver, 42",772,221
"Mountain-100 Silver, 44",773,233
"Mountain-100 Silver, 48",774,204
"Mountain-200 Black, 38",782,1252
"Mountain-200 Black, 42",783,1177
"Mountain-200 Black, 46",784,1059
"Mountain-200 Silver, 38",779,1094
"Mountain-200 Silver, 42",780,1040
"Mountain-200 Silver, 46",781,1054
"Mountain-300 Black, 38",785,220
"Mountain-300 Black, 40",786,223
"Mountain-300 Black, 44",787,228
"Mountain-300 Black, 48",788,223
"Mountain-400-W Silver, 38",980,253
"Mountain-400-W Silver, 40",981,301
"Mountain-400-W Silver, 42",982,231
"Mountain-400-W Silver, 46",983,239
"Mountain-500 Black, 40",989,150
"Mountain-500 Black, 42",990,195
"Mountain-500 Black, 44",991,193
"Mountain-500 Black, 48",992,232
"Mountain-500 Black, 52",993,146
"Mountain-500 Silver, 40",984,221
"Mountain-500 Silver, 42",985,221
"Mountain-500 Silver, 44",986,195
"Mountain-500 Silver, 48",987,228
"Mountain-500 Silver, 52",988,236
Patch Kit/8 Patches,873,3354
"Racing Socks, L",875,604
"Racing Socks, M",874,593
Rear Brakes,907,113
Rear Derailleur,894,145
Road Bottle Cage,872,1712
Road Tire Tube,922,2376
"Road-150 Red, 44",750,358
"Road-150 Red, 48",751,409
"Road-150 Red, 52",752,378
"Road-150 Red, 56",753,475
"Road-150 Red, 62",749,470
"Road-250 Black, 44",793,705
"Road-250 Black, 48",794,712
"Road-250 Black, 52",795,667
"Road-250 Black, 58",796,486
"Road-250 Red, 44",789,364
"Road-250 Red, 48",790,377
"Road-250 Red, 52",791,314
"Road-250 Red, 58",792,526
"Road-350-W Yellow, 40",973,573
"Road-350-W Yellow, 42",974,455
"Road-350-W Yellow, 44",975,332
"Road-350-W Yellow, 48",976,566
"Road-450 Red, 44",756,171
"Road-450 Red, 48",757,77
"Road-450 Red, 52",758,267
"Road-450 Red, 58",754,226
"Road-450 Red, 60",755,164
"Road-550-W Yellow, 38",797,725
"Road-550-W Yellow, 40",798,687
"Road-550-W Yellow, 42",799,648
"Road-550-W Yellow, 44",800,495
"Road-550-W Yellow, 48",801,723
"Road-650 Black, 44",768,441
"Road-650 Black, 48",769,293
"Road-650 Black, 52",770,703
"Road-650 Black, 58",765,642
"Road-650 Black, 60",766,460
"Road-650 Black, 62",767,293
"Road-650 Red, 44",762,689
"Road-650 Red, 48",763,649
"Road-650 Red, 52",764,440
"Road-650 Red, 58",759,282
"Road-650 Red, 60",760,680
"Road-650 Red, 62",761,638
"Road-750 Black, 44",997,466
"Road-750 Black, 48",998,685
"Road-750 Black, 52",999,696
"Road-750 Black, 58",977,537
"Short-Sleeve Classic Jersey, L",883,805
"Short-Sleeve Classic Jersey, M",882,407
"Short-Sleeve Classic Jersey, S",881,717
"Short-Sleeve Classic Jersey, XL",884,904
"Sport-100 Helmet, Black",708,3007
"Sport-100 Helmet, Blue",711,3090
"Sport-100 Helmet, Red",707,3083
Touring Pedal,941,71
Touring Tire,934,935
Touring Tire Tube,923,1488
"Touring-1000 Blue, 46",966,442
"Touring-1000 Blue, 50",967,336
"Touring-1000 Blue, 54",968,277
"Touring-1000 Blue, 60",969,439
"Touring-1000 Yellow, 46",954,440
"Touring-1000 Yellow, 50",955,342
"Touring-1000 Yellow, 54",956,271
"Touring-1000 Yellow, 60",957,433
"Touring-2000 Blue, 46",970,283
"Touring-2000 Blue, 50",971,198
"Touring-2000 Blue, 54",972,380
"Touring-2000 Blue, 60",953,346
"Touring-3000 Blue, 44",978,157
"Touring-3000 Blue, 50",979,306
"Touring-3000 Blue, 54",958,281
"Touring-3000 Blue, 58",959,239
"Touring-3000 Blue, 62",960,157
"Touring-3000 Yellow, 44",961,318
"Touring-3000 Yellow, 50",962,280
"Touring-3000 Yellow, 54",963,227
"Touring-3000 Yellow, 58",964,159
"Touring-3000 Yellow, 62",965,319
Water Bottle - 30 oz.,870,4688
"Women's Mountain Shorts, L",869,707
"Women's Mountain Shorts, M",868,681
"Women's Mountain Shorts, S",867,648
"Women's Tights, L",854,441
"Women's Tights, M",853,114
"Women's Tights, S",852,422
NULL,NULL,121317
